id;firstname;lastname;phone;email;created_at;status
1;Washington Guinea Franc;Corner;1-926-757-2137;Brady_Blanda22@yahoo.com;2020-09-29;Chicken Streets
2;violet FTP connecting;copying;524.841.8240;Arielle.Nicolas@yahoo.com;2020-09-29;open-source South Dakota Bond Markets Units European Composite Unit (EURCO)
3;pixel;firmware Fully-configurable Centers;474.114.2242 x10437;Jackson_Beier90@yahoo.com;2020-09-28;Engineer Tactics
4;Granite redundant;Pants Wooden;(963) 256-9321;Veronica92@hotmail.com;2020-09-28;Money Market Account
5;AI e-enable Handmade;applications Turkey;054-803-9516 x629;Hardy.Daniel@yahoo.com;2020-09-28;quantify Cotton
6;Mauritius Rupee;cross-platform Chips;(372) 096-2963 x50488;Ruthe66@hotmail.com;2020-09-29;Bahraini Dinar capability Licensed
7;hacking;Unbranded Rustic Plastic Chips;1-446-795-5932 x83268;Rhiannon.Quitzon@gmail.com;2020-09-29;repurpose
8;deposit;Secured 1080p;1-043-616-4165 x493;Julien26@gmail.com;2020-09-28;Ball
9;Rustic Steel Towels Summit service-desk;Industrial;1-248-742-8310;Fausto.Treutel87@yahoo.com;2020-09-28;Licensed paradigm
10;Berkshire Salad migration;withdrawal Legacy Dynamic;545.466.0595 x404;Maya1@gmail.com;2020-09-28;Movies
