id;username;password;firstname;lastname;email
1;Officer Kuwait;Strategist integrated Small Frozen Fish;systemic;India;Lexi_Heidenreich80@hotmail.com
2;Oregon generate;Grass-roots;Personal Loan Account Ohio;Wooden Knolls;Dina_Bednar39@hotmail.com
3;efficient Movies;optimize Intelligent bi-directional;Gorgeous;International Tuna FTP;Jolie.Padberg@gmail.com
4;application models;backing up;silver extensible;Home Loan Account Borders;Chyna70@yahoo.com
5;Monaco New York;array;Lead Pitcairn Islands project;internet solution Bike;Wilford68@yahoo.com
6;Manager Italy;Supervisor;extend SSL Handmade Plastic Mouse;monitor Handcrafted Plastic Hat Automotive;Deonte.Wintheiser95@hotmail.com
7;Syrian Pound;SAS front-end fuchsia;Locks;Chief;Pierre_Eichmann@yahoo.com
8;Communications;Soft Tactics online;Associate;index;Hadley5@yahoo.com
9;Administrator 24/365;deposit;Central;Bedfordshire zero defect Tasty Plastic Mouse;Lyla34@hotmail.com
10;Handcrafted Soft;stable Vision-oriented maximized;Pennsylvania;navigate Baby aggregate;Virginia_Sporer@gmail.com
